id,name,model_id:id,group_id:id,perm_read,perm_write,perm_create,perm_unlink
access_expodo_asset_readonly,expodo.asset readonly,model_expodo_asset,account.group_account_readonly,1,0,0,0
access_expodo_asset_invoice,expodo.asset invoice,model_expodo_asset,account.group_account_invoice,1,0,0,0
access_expodo_asset_user,expodo.asset user,model_expodo_asset,account.group_account_user,1,1,1,0
access_expodo_asset_manager,expodo.asset manager,model_expodo_asset,account.group_account_manager,1,1,1,1
access_expodo_asset_line_readonly,expodo.asset.line readonly,model_expodo_asset_line,account.group_account_readonly,1,0,0,0
access_expodo_asset_line_invoice,expodo.asset.line invoice,model_expodo_asset_line,account.group_account_invoice,1,0,0,0
access_expodo_asset_line_user,expodo.asset.line user,model_expodo_asset_line,account.group_account_user,1,1,1,0
access_expodo_asset_line_manager,expodo.asset.line manager,model_expodo_asset_line,account.group_account_manager,1,1,1,1
access_expodo_asset_disposal_user,expodo.asset.disposal user,model_expodo_asset_disposal,account.group_account_user,1,1,1,1
access_expodo_asset_disposal_manager,expodo.asset.disposal manager,model_expodo_asset_disposal,account.group_account_manager,1,1,1,1
